,precision,recall,f1-score,support
0,0.9032258064516129,0.9333333333333333,0.9180327868852459,180.0
1,0.2647058823529412,0.24324324324324326,0.2535211267605634,37.0
2,0.5,0.55,0.5238095238095238,100.0
3,0.2857142857142857,0.2,0.23529411764705882,20.0
4,0.13043478260869565,0.1,0.11320754716981132,30.0
accuracy,0.6512261580381471,0.6512261580381471,0.6512261580381471,0.6512261580381471
macro avg,0.4168161514255071,0.40531531531531534,0.4087730204544407,367.0
weighted avg,0.6321582888307785,0.6512261580381471,0.6406246443555123,367.0
