,precision,recall,f1-score,support
0,0.9005524861878453,0.9005524861878453,0.9005524861878453,181.0
1,0.38235294117647056,0.35135135135135137,0.36619718309859156,37.0
2,0.6074766355140186,0.65,0.6280193236714976,100.0
3,0.3333333333333333,0.3684210526315789,0.35,19.0
4,0.30434782608695654,0.2413793103448276,0.2692307692307692,29.0
accuracy,0.6967213114754098,0.6967213114754098,0.6967213114754098,0.6967213114754098
macro avg,0.5056126444597249,0.5023408401031205,0.5027999524377408,366.0
weighted avg,0.6914047613791978,0.6967213114754098,0.6934669957636338,366.0
