,precision,recall,f1-score,support
0,0.9415584415584416,0.8011049723756906,0.8656716417910447,181.0
1,0.25,0.02702702702702703,0.04878048780487805,37.0
2,0.5126582278481012,0.81,0.627906976744186,100.0
3,0.20833333333333334,0.5263157894736842,0.29850746268656714,19.0
4,0.0,0.0,0.0,29.0
accuracy,0.6475409836065574,0.6475409836065574,0.6475409836065574,0.6475409836065574
macro avg,0.38251000054797524,0.4328895577752804,0.36817331380533524,366.0
weighted avg,0.6417929891809327,0.6475409836065574,0.6200923078645436,366.0
