,precision,recall,f1-score,support
0,0.9361702127659575,0.4861878453038674,0.64,181.0
1,0.20212765957446807,0.5135135135135135,0.2900763358778626,37.0
2,0.2571428571428571,0.27,0.2634146341463415,100.0
3,0.15,0.15789473684210525,0.15384615384615385,19.0
4,0.18867924528301888,0.3448275862068966,0.24390243902439024,29.0
accuracy,0.4016393442622951,0.4016393442622951,0.4016393442622951,0.4016393442622951
macro avg,0.3468239949532603,0.35448473637327654,0.31824791257894963,366.0
weighted avg,0.5763975839955925,0.4016393442622951,0.4451107527237686,366.0
