,precision,recall,f1-score,support
0,0.9302325581395349,0.4444444444444444,0.6015037593984962,180.0
1,0.2641509433962264,0.7567567567567568,0.3916083916083916,37.0
2,0.20952380952380953,0.22,0.2146341463414634,100.0
3,0.0,0.0,0.0,20.0
4,0.0975609756097561,0.13333333333333333,0.11267605633802817,30.0
accuracy,0.3651226158038147,0.3651226158038147,0.3651226158038147,0.3651226158038147
macro avg,0.30029365733386537,0.3109069069069069,0.2640844707372759,367.0
weighted avg,0.5479418408486384,0.3651226158038147,0.40219041827119073,367.0
