,precision,recall,f1-score,support
0,0.9230769230769231,0.8,0.8571428571428571,180.0
1,0.0,0.0,0.0,37.0
2,0.4625,0.74,0.5692307692307692,100.0
3,0.09523809523809523,0.2,0.12903225806451613,20.0
4,0.0,0.0,0.0,30.0
accuracy,0.6049046321525886,0.6049046321525886,0.6049046321525886,0.6049046321525886
macro avg,0.29616300366300374,0.348,0.31108117688762843,367.0
weighted avg,0.5839471609226378,0.6049046321525886,0.5825325241691595,367.0
