split,loss,accuracy,precision,recall,f1_score
train,0.6321800339440734,76.4404609475032,0.7231426359722826,0.764404609475032,0.7146036115530009
val,0.6670052901133997,75.44338335607094,0.700736400648643,0.7544338335607094,0.7087930214897388
test,0.6984628337235174,72.6962457337884,0.6434046732819491,0.726962457337884,0.6757413749182062
